Protocol,04/11/2021,05/11/2021,06/11/2021,07/11/2021,08/11/2021,09/11/2021,10/11/2021,11/11/2021,12/11/2021,13/11/2021,14/11/2021,15/11/2021,16/11/2021,17/11/2021,18/11/2021,19/11/2021,20/11/2021,21/11/2021,22/11/2021,23/11/2021,24/11/2021,25/11/2021,26/11/2021,27/11/2021,28/11/2021,29/11/2021,30/11/2021,01/12/2021,02/12/2021,03/12/2021,04/12/2021,05/12/2021,06/12/2021,07/12/2021,08/12/2021,09/12/2021,10/12/2021,11/12/2021,12/12/2021,13/12/2021,14/12/2021,15/12/2021,16/12/2021,17/12/2021,18/12/2021,19/12/2021,20/12/2021,21/12/2021,22/12/2021,23/12/2021,24/12/2021,25/12/2021,26/12/2021,27/12/2021,28/12/2021,29/12/2021,30/12/2021,31/12/2021,01/01/2022,02/01/2022,03/01/2022,04/01/2022,05/01/2022,06/01/2022,07/01/2022,08/01/2022,09/01/2022,10/01/2022,11/01/2022,12/01/2022,13/01/2022,14/01/2022,15/01/2022,16/01/2022,17/01/2022,18/01/2022,19/01/2022,20/01/2022,21/01/2022,22/01/2022,23/01/2022,24/01/2022,25/01/2022,26/01/2022,27/01/2022,28/01/2022,29/01/2022,30/01/2022,31/01/2022,01/02/2022,02/02/2022,03/02/2022,04/02/2022,05/02/2022,06/02/2022,07/02/2022,08/02/2022,09/02/2022,10/02/2022,11/02/2022,12/02/2022,13/02/2022,14/02/2022,15/02/2022,16/02/2022,17/02/2022,18/02/2022,19/02/2022,20/02/2022,21/02/2022,22/02/2022,23/02/2022,24/02/2022,25/02/2022,26/02/2022,27/02/2022,28/02/2022,01/03/2022,02/03/2022,03/03/2022,04/03/2022,05/03/2022,06/03/2022,07/03/2022,08/03/2022,09/03/2022,10/03/2022,11/03/2022,12/03/2022,13/03/2022,14/03/2022,15/03/2022,16/03/2022,17/03/2022,18/03/2022,19/03/2022,20/03/2022,21/03/2022,22/03/2022,23/03/2022,24/03/2022,25/03/2022,26/03/2022,27/03/2022,28/03/2022,29/03/2022,30/03/2022,31/03/2022,01/04/2022,02/04/2022,03/04/2022,04/04/2022,05/04/2022,06/04/2022,07/04/2022,08/04/2022,09/04/2022,10/04/2022,11/04/2022,12/04/2022,13/04/2022,14/04/2022,15/04/2022,16/04/2022,17/04/2022,18/04/2022,19/04/2022,20/04/2022,21/04/2022,22/04/2022,23/04/2022,24/04/2022,25/04/2022,26/04/2022,27/04/2022,28/04/2022,29/04/2022,30/04/2022,01/05/2022,02/05/2022,03/05/2022,04/05/2022,05/05/2022,06/05/2022,07/05/2022,08/05/2022,09/05/2022,10/05/2022,11/05/2022,12/05/2022,13/05/2022,14/05/2022,15/05/2022,16/05/2022,17/05/2022,18/05/2022,19/05/2022,20/05/2022,21/05/2022,22/05/2022,23/05/2022,24/05/2022,25/05/2022,26/05/2022,27/05/2022,28/05/2022,29/05/2022,30/05/2022,31/05/2022,01/06/2022,02/06/2022,03/06/2022,04/06/2022,05/06/2022,06/06/2022,07/06/2022,08/06/2022,09/06/2022,10/06/2022,11/06/2022,12/06/2022,13/06/2022,14/06/2022,15/06/2022,16/06/2022,17/06/2022,18/06/2022,19/06/2022,20/06/2022,21/06/2022,22/06/2022,23/06/2022,24/06/2022
Total,1741316.2944529585,1843286.9063706766,1828659.001092273,2079837.555479681,2083266.152649304,2024581.547300407,1947117.1097722522,2258432.9089934817,2437778.1140500195,2189496.2945437953,2803074.025954142,4003486.6168038934,13521496.302445998,33399660.67736837,58609082.9767548,92870999.30580866,129198500.18396306,139825803.25344956,137890372.8997646,140516774.84326845,144095993.95546952,149714883.6982541,143520380.37847787,107053809.88113597,103547356.50471105,103232197.12394108,100509259.33302228,104457214.83142921,100555358.85709378,102347841.36171523,120292605.74822024,115469599.95155081,115410751.82757348,117698292.52432218,120978277.15946132,134317033.31724745,138727806.1649818,148614492.49719235,166897243.30371565,175006112.45690078,180098815.18794444,192284233.78984097,207605521.28237867,213347103.91869444,210769765.2829689,211584809.27256244,221822513.7387178,218591025.88361987,229192724.4406017,258238110.2636235,343298604.936566,414770668.1336687,460352813.6257583,550474143.9007502,571022861.3787963,536693266.4045031,551061554.2118646,596560667.7767214,618435064.515844,605606954.1991127,594725088.8137639,640710830.183136,637768877.0882099,644253229.5778658,655327767.0012445,641362043.1275053,624599424.7124817,622323594.5848112,644178282.9687597,688269923.5751526,692676538.416356,732546657.1175214,768503092.2001292,774293171.5031354,794649266.3875648,763185458.3796262,747808100.9616833,716832985.8153578,678790887.1666566,581143194.3940971,519644305.1204887,518480778.92684585,486732165.1897088,506432169.4143431,491399380.56443477,477551067.8875057,484225954.9457202,494527307.8519467,499187484.35256267,502126146.312619,508631560.33550894,501642754.732233,498843472.77163047,527782595.38765365,533185726.25924534,531642639.8495921,545092328.5909618,535790861.70165676,538778251.0426772,494848435.7636165,469930410.0999562,467703194.3674132,459586352.2951052,456593836.0164094,464740094.0229035,446529190.3428648,423247034.51283544,412870593.916897,399547223.95264894,386606429.20819753,371621830.6396269,374144243.403403,354726197.3831073,347780767.6484246,346109475.9827395,337699986.0000547,327940715.9594887,349541068.86611915,443316101.62813973,502109420.6175064,584099065.5771072,541656545.3867285,577964728.7089231,648898596.9782108,695675044.1270796,830340728.8219697,946343561.1012573,946498584.4848186,935872652.514375,808663899.6357951,833268149.1822681,871802207.933003,835889318.3519015,888288865.9526883,902968298.4881859,920060365.5733432,912653952.9732753,895667879.7831302,898514025.5952892,906925591.1636841,948663480.2104867,1008538189.033805,998538971.6247337,1005178300.8153471,1018347570.3124287,1018189780.2491709,1031552582.4722812,1027540747.3480349,987601274.0905257,1017843060.3619035,1040919275.9022564,1066973855.9246266,1071597531.4927448,1053182228.381411,953133121.2949727,998346612.2777553,1067274704.2048075,1070227650.0033284,1046932612.0999187,1016565066.6897922,1035099704.6554669,1045685707.9555664,1038302323.4312972,1088728019.680926,1072597647.5256732,1070896038.422449,1091364969.1423295,1110295866.9836361,1102717699.2476153,1093727613.231328,1630299888.6184828,1886208934.3717499,2238945725.744924,2431382132.9772024,2427722198.5573134,2640327019.4242377,2488380356.2962947,2514816620.6760445,2371846963.2966633,2305979368.5316353,2314836295.115659,2268667364.929327,2301148501.888756,2198406037.52186,1972629195.4904752,1831942828.7921546,1734097447.1969395,1516212574.497152,1430406870.8156388,1239295964.1921172,1085288084.40843,642884069.5071466,628357440.125587,612944130.1000919,570592477.1440909,573139745.6035118,555930119.9224526,565827355.9300803,523094745.2023745,530931010.3729496,537857259.7797221,536406801.8151084,538019849.9696926,630071882.0487001,607757926.3715683,591649548.2332937,594775926.8678428,598637681.152788,620127759.989111,616419629.1587707,594816269.1097118,591623268.1861124,482088082.5437542,482223189.1049421,493404919.0963621,502626873.21264845,508678780.83396906,486560115.02881545,484724890.71764445,456698677.20671064,439678105.57998013,416630419.4832541,369523366.7519898,367106870.27351743,353489688.4107296,335293217.89282566,337699261.02645725,323174468.4466778,327052167.2883714,332533055.76695794,337424656.86947495,331478428.3484651,324844895.9883442
Trisolaris,1741316.2944529585,1843286.9063706766,1828659.001092273,2079837.555479681,2083266.152649304,2024581.547300407,1947117.1097722522,2258432.9089934817,2437778.1140500195,2189496.2945437953,2803074.025954142,4003486.6168038934,13521496.302445998,33399660.67736837,58609082.9767548,92870999.30580866,129198500.18396306,139825803.25344956,137890372.8997646,140516774.84326845,144095993.95546952,149714883.6982541,143520380.37847787,107053809.88113597,103547356.50471105,103232197.12394108,100509259.33302228,92107296.1298339,88072836.38952895,91093096.51648594,108906708.97567494,105517764.79596223,105663046.18465114,103427066.01413637,102686515.37299734,110424706.19832267,113263735.11337043,112058876.59129344,120700263.88206793,126059252.16728881,117836813.72230405,114345392.08908638,117503489.95332022,133474637.09230477,134053835.53996548,148240401.4239821,158264748.2528023,151288029.3210701,158701014.80954462,186908002.73252046,261168916.5235352,307776071.54827756,341300228.92523485,413175007.94158846,427359903.43714446,381959589.7320283,384698541.0571704,410056523.48922235,397506580.38994634,387543403.423341,387463561.5574887,389872656.26086724,396171992.8704826,404894381.8822358,424687904.37616736,420607195.8874938,413814307.8043979,414515491.6732647,431467395.4568741,469855242.16184497,485650394.857597,522251133.3201233,564136918.3271893,566531658.1058986,584111820.6932244,568252529.0662845,557370559.6847746,535453458.74268866,503990128.47568595,428271838.03980494,375432517.5738882,379251516.7491937,356956767.34276974,378249280.3480923,359705113.13889414,353004006.83763415,355316529.48889583,363434718.5325485,367845440.92387426,368702492.09602505,374901851.4946,371049132.17224246,368544133.8411492,391909095.9881651,396126765.57385653,396277954.249162,397380073.3963402,393678656.71211064,393660777.6919833,383592325.3589255,364502551.7905679,363312499.83643067,355905121.1383417,354929516.07352066,360825273.9890597,347709060.0095679,329098985.9836698,321796259.4898276,309542981.9998663,301056002.88015187,288283118.9662662,290951018.1090282,284147037.45548606,280569218.2179467,282013817.86344594,274775360.98714024,266491307.69302773,283069520.0730182,298778262.5927873,294032275.4310822,285694057.74987894,277139680.01132244,281365913.7484109,276648756.97368157,278298128.74900126,276429709.0047427,295175313.3623329,283138926.9856636,268149002.02092364,139363801.14190096,138364055.8153632,144661256.50876623,145256733.05510688,148388025.23622724,145939672.37708983,150798647.85974455,145148132.2385839,139809205.03348032,137379785.1158766,145231387.35463792,153945553.4833945,153541937.13825712,154853631.3139293,161290539.66611582,163451777.1569864,164471457.9126711,178354267.75075364,184650741.80319577,174303030.2100421,184310316.125469,198795798.17373493,230238251.44738397,237952380.90072268,243074188.81157947,223542568.39917406,245471091.20929506,260206551.78298807,261063710.69781056,247651039.9880945,236966638.6906946,246752614.47017694,272479991.0732381,272198722.675446,264528331.55331692,265639627.0545529,272913293.2572418,286035253.8759559,293708200.9995329,287026066.50944316,284588223.6276854,306271085.62894166,294249472.5911167,282658291.37360764,282269937.669172,252659481.24604622,253830272.12083477,254110933.28825086,247060020.31209278,235617667.43778855,245778664.044147,236626685.3934306,245968051.60512102,254203623.4761507,235294046.9630798,230183380.08585668,221942561.64564618,222753742.87278438,193764835.0088516,184428102.26012015,143517529.4726522,123061925.48001857,121552026.90334561,120742585.06715478,124679154.3678918,98801952.73391396,97822400.88548328,95188719.70050322,95730068.60392904,84152671.50604393,86892674.1639382,89399602.17331845,86932009.35970931,87842246.94414401,87868201.44172183,81544793.70787455,77691929.44652401,79141053.47782381,80057056.53075166,86080056.48019631,86753176.67501226,81583368.87360796,84375403.61308075,82048643.28920148,76567699.89525753,76768298.8149126,75943379.88613626,76562957.401512,74942209.57537785,74842884.14854959,62371330.35667047,57763870.28915335,53480397.72105671,47842892.04448107,47078998.872431286,47400623.582364544,43872717.00097988,44848599.69898859,38739404.552653454,39230255.04725377,40729296.957059264,40712973.27487992,40246979.10889633,39054777.05976769
Nearpad,,,,,,,,,,,,,,,,,,,,,,,,,,,,12349918.701595305,12482522.46756484,11254744.845229285,11385896.772545299,9951835.155588577,9713934.860391011,9885196.397535529,9882059.223102016,10938755.082443867,10277466.690822683,9616221.688792223,10038297.09627217,9562307.990658088,8843812.52309186,9377936.953222718,8194190.009281413,7506649.067054526,7753134.466586122,7936461.365426885,7966804.67105482,7947758.805030015,7365588.1613386655,7464666.124709938,14829455.027201658,17994360.638551064,17478675.673724912,18395783.57226185,16577820.714450821,15166045.38097148,18210322.608157452,21294968.759730585,18546568.46786426,17051667.939198285,16849128.109083064,20347803.834544532,19082388.11157898,18355916.424262796,16490719.516970664,14394909.5582243,12568026.76882937,12718236.729088744,12924336.951432187,13514921.901892418,12577230.092538632,14652727.513087174,14154768.918633044,14367224.126619255,15270798.388105322,13852544.553982578,13146059.013977282,12363604.463791544,12384107.296738127,9962157.925597724,9276232.479111286,8589954.181229293,8575811.80133689,6714349.446958182,6819034.8218969,5600729.277541945,6162269.820068086,5887055.039726572,5608610.6232397705,5640797.371044289,5966597.799456778,5587499.132332378,5505658.979571287,5871756.843116137,5651945.166678908,5462655.869318639,5385136.534964777,5365614.54200308,5458559.861263169,5219443.001404315,4983879.578219957,4901400.391196254,4709628.824567223,4605916.709824179,4847019.606104897,4713865.880913819,4367874.027995193,4298405.259881984,4136946.679500185,3977811.7639015135,3833721.9123986512,3887203.3578762393,3811743.3594809296,3758437.902577362,3932714.8567018053,3906327.010121861,3735234.6524857534,3975688.746039059,4140480.4078239566,3969782.1654366218,3802192.3944355566,3703332.5902513503,3716574.313445218,3547648.3410995444,3415847.053346264,3438570.0530360756,3567583.1601553876,3351206.3338673725,3335107.3925788067,3271515.489547029,3216045.6366500896,3186721.130519904,3204348.3018278833,3759507.6540789125,3651028.0928135007,3828835.0058836574,3717603.867046472,3556164.994450713,3588771.9578313176,3623425.001239127,3764814.506113259,3685274.356624952,3585612.3063466297,3637202.707638805,3843100.7573586465,3834928.473638562,3991320.021510285,3714975.129474386,3680401.014242379,4046816.420348054,4647597.269108386,4676626.127451083,4700682.909710354,4767102.102508487,4801787.855179128,7243690.130867863,6185761.565052568,7056162.049932032,6432703.88206466,6217545.811256157,7079021.087437628,7405244.573982624,6836944.525371431,6592491.314760207,6434993.274344013,6262167.84600778,6902214.267480422,8512143.039590472,8452858.530981274,7975477.49645246,7371621.940722413,7375793.859779515,6644751.810391426,6988629.154253489,6239411.063561769,6195742.206723244,5888893.775052388,5703050.754157723,5445115.994174765,5753812.283183668,5424456.286485523,5469730.649670212,5675264.422416484,5154585.8017185,5074072.575259463,4965604.873611661,4853880.023514884,4236146.08593894,4363837.521119757,3288164.2548265783,2774614.225518947,2880175.4566763816,2856345.8803492226,2911958.0521762897,2836400.527300581,2802683.278066065,2625992.771671665,2658147.2876556255,2599831.715916006,2627386.9245079025,2681590.529660822,2584945.2561929645,2589738.528550478,2512648.1226738724,2379214.8829464093,2270704.824419556,2298348.73646,2291115.7927512834,2446842.8046525843,2403778.1612658026,2275429.9104633974,2309971.155145448,2249906.498985779,2260714.889869953,2260651.8012976,2316259.121155,2227780.203404947,2184142.425202443,2234890.351086923,2118058.014836153,2027988.1247587227,1907822.9372006112,1781671.9466860066,1734248.0183942951,1688687.6423433854,1560459.0193806395,1592960.7548254982,1516845.3165720846,1558142.2841799564,1615883.6186478136,1601687.0226289362,1570661.7242630636,1092933.3352411229
WannaSwap,,,,,,,,,,,,,,,,,,,,,,,,,,,,,,,,,33770.7825313399,4355538.122650283,8376658.97336195,12829252.556480926,15057190.930788701,26696615.307106685,35419403.37537555,38458119.34895389,52518908.53254853,67887472.46753186,81328330.18977703,71417224.74933515,68042272.20940836,54171795.11836909,54071581.87236882,57436210.01351975,59153534.583718434,59874122.02939311,61835437.52282909,81491056.86284003,94093695.59279853,110896404.45242053,118689613.54620114,115188912.1718942,122018837.7250493,123171884.34418207,115577046.26550758,112976763.43762222,98353205.06694588,107446309.08576685,101114376.57266432,95540100.61755322,90689901.57613981,85924065.5621181,81906925.67923062,81684724.64812031,85928273.97681992,88750373.5398944,86711181.24445392,82790669.45051228,78175942.19636962,81222480.6580167,80325817.28231022,73115123.4543466,67752921.57934032,63868701.313519955,58397479.057819806,50753117.28555689,47209044.91529557,44496659.665820315,41060032.28224683,42412202.889686994,43703408.703373425,37816236.001135595,38980850.38757103,39749956.469760455,39702541.49374075,40325049.10664346,40957470.32590605,36236558.00549137,35322591.39173399,38157072.05159969,38172454.61299383,36443620.828014456,36678858.11647982,31718085.872066658,31388732.242760785,29401007.863085344,27193487.508968614,26683387.72681573,26074435.92503849,24502412.245030597,25705174.247025948,25732811.998062294,23485956.84821929,21936469.11170858,21079743.15935024,19554371.332088612,18630064.3354692,18389701.939733505,18184569.987336345,15326212.14378206,15229497.485135037,14591714.122082084,13878558.273853745,14978741.15154101,15853432.727543857,15181670.300416403,14531194.272861976,13878950.592845533,14164903.973402353,13608551.101128029,13362489.623802887,12442917.359121861,13424241.806269182,12823163.000435458,12389792.502215026,11240598.909128193,10109393.202418456,10917707.817908088,10143014.470068993,10656744.289112406,10584554.119542118,11183573.890886059,10933429.38948711,10533587.266046338,10684256.391269391,10859342.176022714,11329545.684674727,12107197.437587503,10973802.560954783,11169610.042383052,11517510.561456025,11234939.57995195,11835226.820027854,12270855.4640968,11716380.260480465,12346048.05135752,12472305.82498879,10286454.01140546,10347218.040961191,10231308.379814819,9673708.718131505,10634248.043153502,11934227.814131794,11577910.765369963,10631949.250219276,10375461.500573678,10552098.490890121,10870432.438856522,9887836.65630841,9758918.393185947,9332195.065968955,9291418.366334777,9803098.152821856,10529381.073684711,9995574.662022443,9502800.10453793,9134027.151121736,8969694.218145687,8471918.992726654,8944502.289887793,7990643.932868406,8062380.3620122755,8279549.106883969,7749154.673963293,7254892.113006423,7951768.444057736,7787879.1209635055,7397926.399766099,7304461.071968808,6619989.619791781,6397959.277252001,6117950.268757458,6265328.569496514,5297401.886090251,4126269.9005820067,3171989.176262766,3088424.8022823054,3181556.080362104,3205692.837191183,3308914.991171718,3064349.2468084353,3179565.9404400866,2931329.7303822506,3054287.4482069765,2905684.919232925,2932691.9028137447,2994631.2325044316,2861160.001997618,2670778.277186746,2583688.1122986334,2229818.9057383602,2130900.8235255694,2188332.063847772,2187714.393969008,2333109.8821736975,1876021.5126317514,1793777.997913456,1795042.0455779475,1759022.3311821953,1770221.8491104872,1770665.153726233,1726310.571506629,1712864.465672242,1629637.2582678234,1628576.1191414478,1542986.8647465596,1464397.4195260345,1371724.7059108776,1269156.24656546,1257278.4226597024,1299149.5656743795,1208360.9952867257,1288854.8576901986,1233438.5491916498,1241135.8307402807,1289894.128930396,1294748.3192003074,1289881.0663710623,1273092.1447791066
Vaporwave,,,,,,,,,,,,,,,,,,,,,,,,,,,,,,,,,,30491.99,33043.590000000004,124319.48,129413.43000000001,242778.91000000003,739278.95,926432.9500000001,899280.4100000001,673432.28,579511.1299999999,948593.0099999999,919239.2699999999,1115730.6300000001,1253233.9200000002,1502843.34,2244409.8699999996,2771206.1,4238487.97,6196691.789999999,6154177.309999997,6632917.779999999,6212092.42,5927958.040000001,6671974.8999999985,7335332.910000001,7465561.920000002,7729806.170000001,7599031.849999999,8509354.540000001,8067920.459999999,7925029.35,7793205.5200000005,7274546.130000001,7640199.32,7705359.76,8497591.730000002,9645448.539999997,9551104.449999997,11321831.859999998,12440415.060000002,12154122.339999996,12801793.019999996,10973489.569999997,11067887.870000001,10710881.529999996,10271777.77,8538195.33,7664062.499999998,7478614.739999999,6881609.020000002,7338998.329999999,6855148.699999999,6512265.459999999,6710977.049999999,6816704.619999997,6382294.249999997,6572069.349999999,6019748.370000001,5804956.74,5772944.229999998,6423559.419999999,6574998.69,6515018.370000001,6412271.4,6300293.550000003,6327134.32,5647682.399999999,5229268.770000001,5327609.84,5214618.729999998,5137675.61,5378909.590000001,5178282.750000004,4937572.74,4704551.189999999,4383354.060000001,3241946.32,3014377.6800000006,3059410.730000001,2891709.07,2812881.8900000006,2737761.6200000015,2709858.0500000017,2536196.8099999996,2768385.5500000003,2829573.44,2807641.6100000003,2663991.0100000002,2277201.2200000007,2333447.1999999997,2209225.8500000006,2156229.11,2143239.6399999997,2249137.1699999995,2072405.8,2029706.6300000001,2001872.9699999997,1929451.5900000003,1938762.84,1841902.1,1914579.3800000004,1818310.3899999994,1907311.8899999997,1768091.4,1694573.8800000004,1694608.08,1728465.4800000002,1820523.4099999995,1818425.9400000002,1736169.2899999996,1788946.0399999998,1802732.6000000006,1857731.42,1850770.3300000003,1868688.4199999997,1824500.0099999995,1907860.1199999996,1985168.3,1993793.67,1979126.7300000007,1973957.2099999993,1953393.3099999991,2160314.2199999997,2072496.7799999996,2074133.0100000002,1753573.46,1641263.3299999998,1704273.8600000006,1779479.61,1573939.9200000002,891317.1000000001,4483530.84,4957738.7700000005,5359150.050000002,5800213.39,5343556.320000001,5176223.140000003,5230224.700000001,5310293.010000005,5188857.620000005,5280623.989999996,5199903.520000002,5184869.660000001,5207348.229999999,4919125.409999999,4495227.460000003,4858294.700000001,5679979.449999999,6119976.21,6727194.17,5848408.300000003,5565964.739999999,5510184.000000001,5766712.750000003,4825453.76,4541615.509999998,3241817.53,2985008.0200000005,3006614.58,2769671.3299999996,3133314.530000001,2764711.41,2815681.2499999995,2586815.4,2631273.200000001,2552229.8599999994,2671029.95,3162040.9099999997,3114873.3200000008,2814653.85,2758022.8099999996,3901903.7500000014,4222498.900000001,4534214.009999999,4576402.089999999,5300511.929999998,5490342.27,2719819.3899999997,2798766.4499999997,2746817.0999999996,2528348.5300000003,2636832.88,2655545.1600000015,2618566.0300000007,2611083.8000000003,2614249.38,2527292.89,2404726.06,2310839.700000001,2319141.66,2332675.88,2292225.87,2198630.4700000007,2238346.41,1694413.8499999999,2222364.500000001,2170934.050000001,2144106.2500000005,2129720.4000000004,2200208.8100000005
Pickle,,,,,,,,,,,,,,,,,,,,,,,,,,,,,,,,,,,,,,,,,,,,,1283.7970089419998,120420.73478436099,266145.02249185997,416184.404,1728177.016,1220113.277,1226307.893,1312487.294,1326036.124,1374030.154479375,2183431.261,2355103.65,2913454.77892,2897824.29,2818095.2754200003,2944871.894,3608574.57,3231810.13930822,3266822.691,3183105.30107,3879799.1500923717,3917036.128,3818521.694,3627494.907979888,3651116.777,4115817.8938754457,4007720.8828870477,4275625.055,4454263.440164729,4329678.512,4736791.684,4152625.62,5239008.232952763,4838112.748,4817905.985,4205753.284664736,3763780.065,3692531.673,3465213.154151224,3736066.701,3577457.542,3394371.46441926,3462482.705,3520337.208,3378094.9237868427,3580455.357,3596494.558,3528568.698,3404953.222,3741837.354,3785078.837,3710763.15,3628770.965,3472849.135,3449767.027,3205540.35,3113425.374906,3195400.2333779996,3201784.719864,3284191.6367259994,3488202.861374168,3307959.5919369995,3064305.9547099997,2975269.072824,2924619.6571859997,2706410.964257,2592434.368524,2696608.768,2633517.8225999996,2480987.960778,,,,2741979.6100684553,79152260.424237,77132173.891773,74978736.52769499,2613803.762178,2625256.925784,2507117.837183928,2434200.1103419997,2441113.753078,2506715.7194246403,2409111.432,2309850.368733376,2207328.061,2135116.645662,2151346.530212996,2121524.8438948486,2165780.332,2134078.42,2213338.5273999996,2166053.834945,2089428.334414742,2096490.7239125774,2125031.381473,2182834.650997,2246541.1706313747,2227900.3433393757,2348546.347947968,2479627.6317841285,2616920.0647545694,2783079.263215667,3019608.944617728,2935190.0547969993,3191778.5950049995,3450246.7589589995,3820232.563,3846511.023,3774886.5444289995,3538823.843333568,4069594.0375089995,4102690.04145,4023956.2467960003,3810536.938208,3732623.808924,4075529.182788,4082510.884452,4073543.092536,3964444.944759783,3976446.5000259997,4042399.107,4203906.104397999,4499589.654046629,4298605.18105889,4169272.657512,4072325.9496919992,4070160.9278329997,3917465.959407,3792402.857,3489411.8888919996,3413693.744,3386186.0685288,3172694.844319,3018127.149037,3155809.519998,2967977.347,3035209.5864089997,3108462.939,2839422.895309,2902971.9568849993,2807895.252342,2863521.2215609998,1959210.7875339997,1131624.28758,875316.98398253,853925.380878,822791.107627205,828847.2817919999,853889.3523159999,829580.703952,355573.841,329109.15203957004,334144.018128,322708.028,327716.27989099995,335963.414787,322484.994624,323649.82491724804,319174.10625099996,295532.28104399994,273155.46148199996,276219.972028,302186.39577375003,331692.003510496,330949.324706,306188.20932699996,293564.840564416,275414.093955,278200.945,291480.13094199996,290908.42680899997,285540.419972568,279037.953,277345.557878669,264490.057,245880.82018499996,228339.10899799998,,203315.375263,212471.54528599998,184773.134546,189138.909053447,180121.433,184517.519945669,191968.135328781,193177.797763959,190592.16850606,200970.24890660797
Rose,,,,,,,,,,,,,,,,,,,,,,,,,,,,,,,,,,,,,,,,,,,,,,,,,,,,,,,,16095657.429609118,16548423.142567426,18257501.12719724,17592759.357156653,17295126.097709987,16016896.318159468,16580836.648948316,16659918.607053358,24908665.420023113,22915226.63589769,20989477.721870884,19555858.59478932,18172428.80510273,17971149.16040725,17767994.231770083,17142318.671185456,16979630.294366807,13129109.392879838,13305602.96741362,14658846.391353859,14468633.488682242,14367131.839088649,14449640.49512238,14070101.222545994,12757505.783515742,13894379.53370846,13330609.793303452,12229880.924557144,9694946.07326627,9375964.831905726,9859718.249983411,10136196.109274669,10716826.947464222,10578320.056218922,10685830.352537135,11087278.867450498,10769861.153789302,9688497.52622597,10075435.471007217,10044260.86160575,10124588.237388432,10473259.418529935,10019853.910658747,10046689.438598977,9600837.766453601,9463617.3480921,9109433.869264964,9003476.528566591,8890639.043934701,8629647.4491682,8621182.117612462,8216479.838229539,7467544.148231171,7385224.814714631,6943418.296078254,6921682.099494364,6936831.71419107,6567766.829145986,6524921.75237583,6449548.506302936,6335161.16071786,6293935.15473724,6329789.279092963,6409263.034964817,6231389.746716977,6250360.290405639,6225678.110548102,6308548.374564446,6077785.551591045,6031554.363999758,5961211.355998503,5864481.16561697,5765079.321177612,5834643.569559902,5882818.152578835,5792014.429306171,5494610.12333104,5485089.907507961,5487503.228461403,5381645.62823233,5378098.389401035,5298070.050055533,5221941.328535557,5232153.746345589,5233113.67091895,5138909.781075989,5103582.913194792,5094855.0130601525,5006461.673390368,4805214.112514528,4732964.671725036,4909299.902254532,5000311.23187772,5297170.397509495,6034338.936733209,7024782.26509048,7025929.610587038,7226844.788515208,7903585.5477689905,7813453.626734642,9361257.35181083,8495818.330867676,9743778.196983537,9652967.422975285,9363994.490229364,9677667.463284625,9843558.707579002,9813724.32811083,9452661.471260672,9316302.168644957,9163088.488391928,9351352.024091385,12021802.084403522,13192574.914333958,13141642.720746728,12425161.067536654,12490292.280838763,12570764.330047196,12664449.780274853,12326980.376637146,12316667.590673668,12098859.241058053,12179617.276476437,11856122.26487498,11863031.326375935,11799890.942690708,11532617.523882657,10874301.039647082,15307689.44187795,15205907.177966114,14779850.70448886,14652502.609638227,13237735.97773308,12448673.073515601,9390346.23453198,5103597.557322157,4751404.780138391,4798147.677648214,4810673.886129473,5113929.561406213,4566358.080027401,4455900.525818582,4315675.199232482,3972265.8462654157,3962478.067739574,3970069.149854367,3965516.946336953,4011242.4269921887,3977622.023944221,3893542.0725763976,3824705.714216699,3791820.336160961,3826166.6709546065,3834725.1676825923,3694051.551681167,3686029.59292269,3703229.684203539,3664662.788911644,3663703.8813009993,3675795.8076917054,3639840.633857924,3587935.6226791344,3561269.7178850533,3458667.247344897,3384994.4777174983,3249666.8421641937,3060790.7560203783,2911554.1906888015,2852731.375667365,2690098.261542851,2528661.0098507204,2507929.114195842,2465790.0243207878,2426721.8124829624,2254685.84124359,2255077.1708680796,2259334.28209678,2236053.869901132
DODO,,,,,,,,,,,,,,,,,,,,,,,,,,,,,,,,,,,,,,,,,,,,,,,,,,,,,,,,,,13546632.856389143,13669412.20648107,14883051.15728682,15298814.196463097,14849826.750967091,13557140.314283246,13814905.251720063,14828710.199103547,15898312.15433477,15782338.573374167,15577743.98314887,15372233.576692391,13499375.68443636,12579134.240773724,13046619.15107742,12090968.976232445,14390865.86248642,14275577.942490993,13223340.96994997,14412973.766711077,14076711.827938057,16205646.124908842,16443793.12786377,16074444.611321816,15693818.814510688,13412985.728196383,13052113.642188478,15842549.184757378,16583947.980922565,17637650.530517276,18485306.232402667,20927438.54936624,21560109.490067083,22795047.59300251,23485092.48609431,23555820.747305226,23087552.016874395,24274672.930780537,24374659.224554915,24868048.990827322,26075165.794297423,29285486.122059293
AuroraSwap,,,,,,,,,,,,,,,,,,,,,,,,,,,,,,,,,,,,,,,,,,,,,,,,,,,,,,,,,,,45259040.63346818,45182264.079954326,43642875.38857204,47164314.16889317,47268650.123106144,43482232.67562955,42213733.22439373,40334583.60142711,37698950.18850076,36637815.41060998,37299618.53471326,40064989.40126404,32828091.02089868,32874629.764167193,33846687.46985801,33016925.001073975,34711308.667819224,31717146.50067871,30889943.41933855,27480878.03153889,24152851.518876348,18850361.28411242,15571825.468016587,15149420.166572705,13173277.912625154,14156066.93045772,14249891.74734151,13043308.425335804,13576105.812477667,13746146.83853291,12887069.319941962,13119199.10722756,11230680.653303012,11044818.060891706,11094817.391719645,11440774.78150314,11445070.583957413,11548291.62428029,11488681.263174543,10710438.512947094,10575553.700562924,9991601.964271925,7326477.740818216,7069066.800845198,7321866.844278874,7086791.311277749,7370571.743342097,6420788.544965927,5942673.725337269,5338803.9028246,4991047.16850835,4679149.994666367,4033372.380526496,3854884.105631446,3959956.008109285,3913571.0990687804,3647493.774348944,3654242.8874466675,3518669.4906704435,3858359.2402252955,4134876.0500311367,3947768.91043982,3804673.4169821753,3681433.924747513,3686428.90447758,3510239.6348253693,3460598.295668574,3438512.043847222,3605448.869483618,3424511.7813657564,3060309.790725194,2950305.094816581,2877038.004867492,2926331.1357792285,2921958.050680525,2999241.04335399,2956022.4705781923,3069747.8198701823,3028497.0624742666,2936898.5611154423,2944728.370377981,2964913.8908242895,3024218.023770978,3046825.669812971,2593257.027101199,2629655.0272508576,2687338.0178200277,2634394.8872052426,2656734.850582693,2370442.857853453,2155796.8204485863,2253232.337292215,2143192.2862983495,2116289.9643063117,1972132.113743908,1873453.7810718946,1723278.2971540834,1791809.6176084308,1862143.6022584995,1844982.6430163914,1774484.683823979,1683158.7333851578,1667138.1886810714,1705259.6647603896,1645845.6724862324,1593118.115917871,1577152.0603781333,1519362.4516685184,1571439.6984564618,1610871.1295291034,1408244.7888342517,1334577.2296995807,1323727.6091675838,1295708.3420060356,1269738.5086260468,1238556.5640213748,1161474.382777421,1159000.880812853,1093806.1369818659,1044999.3841551918,975201.6372720548,980930.6590622978,969579.8989180373,980039.4516165245,1016960.8393817155,935677.8207920562,916718.566496585,895501.5480420461,920016.2891134213,846395.5287995427,849719.3280092225,729526.5872434389,700665.0176363512,703655.0100879939,708324.0930762563,707709.8722537942,682172.3068524492,688660.4185587978,636900.4974368121,627115.1608139601,616093.0106886929,628074.7113285294,632483.7451992389,617139.9045106887,611969.6331562538,603063.2797114913,581698.6628031867,565834.2404499501,472727.4051617487,476815.9501027106,498083.6636809026,495225.14734180545,464754.39004286646,471191.0108045084,462306.8480298471,463245.17283928045,466041.9573055521,459261.0913524105,461245.35884196253,455432.3107353437,454654.0356914263,443012.23320879386,428438.58072065335,415888.2767975485,399524.0366271006,397641.1700643865,407205.9426483197,390924.83580067643,395278.1830794857,386714.7053158086,390399.41327111487,396558.5724719348,396791.0348527486,394083.81286878476,403590.7532448931
Synapse,,,,,,,,,,,,,,,,,,,,,,,,,,,,,,,,,,,,,,,,,,,,,,,,,,,,,,,,,,,,,5893001.757051653,32707918.75384059,32579667.338041153,32148892.655371383,31828566.802479453,32021916.384036407,31814296.08935967,31684298.667496115,26894224.236864597,26389994.864475496,26109844.641274095,26129384.4009213,26724456.441562302,26129728.495985404,25958419.545452394,27075161.057244055,27097481.153753318,26972866.749703996,29072467.170865968,26345612.683978774,25969786.54440953,25852653.732337147,26093860.29809427,26149743.68778962,26353318.13107819,26840485.815214366,27447472.122701183,27441506.63267488,27217307.3062509,27284380.53597825,27360329.037163585,28599482.253470324,30594229.657589175,30944270.58995691,30792851.217044126,30868120.109399803,42228867.82296385,41985335.257636845,42008939.8610869,41640337.20060315,41682066.69901824,41709867.52909957,41549939.59812482,41500317.97879885,41536885.97417858,37927838.2199211,37798149.947955795,37818821.614598274,37860822.33610435,37460780.83340114,37505822.43491392,37497008.92006424,25991677.05863574,26002896.8978578,25335605.776704494,25390936.776827328,25410746.005701154,25389315.472570874,25391116.268186472,25262682.007462285,25237232.33812429,25259509.0767733,25264207.964869067,30047199.7393534,30664058.640202314,30666638.46612217,30884166.18971178,31137493.299338743,30159883.965168864,28895094.82323261,29325089.214609407,29320796.216445744,29365763.298803147,29080548.164912052,28791070.546111576,29164217.11164447,29591034.07103499,29481717.641983725,29945017.847464953,28205466.36192599,30081305.50328575,29333450.681163747,29197058.26753685,29005251.05510658,27829252.145435434,28257893.625149857,27400781.748477712,28427502.165452935,27985927.959926687,28003893.66836583,28719600.804526128,29810479.035896126,29883647.38825573,27687288.758212417,27814500.965472788,30087894.56606864,29114988.796718657,28348537.84909355,28703546.967341423,27548284.470854826,27628423.856094316,27730361.812964596,28296551.44413528,28808202.183160763,29003247.797749702,28260051.386401758,28283691.57113433,28865906.68766757,28408913.515406027,30443443.377638534,29249503.333569802,29418786.183578834,28058253.42778367,28349628.784588516,27866699.221345842,27530043.88401973,27681148.80497025,27834297.860505193,27606092.907433644,28057209.730004042,27558689.382636063,28142810.218867034,27881263.259155452,28569908.239951678,20870568.55328025,21090302.5766992,22201617.808251746,21440410.714012038,20637892.524439577,20247677.156258717,18471152.48626249,19108777.054355435,18895455.812365852,19337133.82326995,18947416.726147693,19002438.736695196,18925551.79579537,19251568.09764775,19331389.413817912,19347065.610613126,18945507.613040004,19298923.178874254,18964470.70387156,18960894.845488045,19025054.138134044,19280525.13611201,19307467.539036505,19352110.436333064,19487492.481826823,18745886.886732005,18713802.31059712,8370935.7858824665,8448064.470061217,8410471.622985741,8415438.445176177,8381779.338004137,8549037.825782195,8204936.348553602,8373138.510637651,8406391.553706635,8507601.558353122,8487924.998823734,8351373.926327301,8438440.759036697,8494505.513044067,8519993.872873086,8565291.191830073,8404059.745030243,8294087.038304816,8417766.15831662,8256872.102276383,8364435.764494808,8370738.394970595
Empyrean DAO,,,,,,,,,,,,,,,,,,,,,,,,,,,,,,,,,,,,,,,,,,,,,,,,,,,,,,,,,,,,,,,,,,,,,4172342.567955944,4308917.205423518,5172353.31880597,7560073.520899663,8677653.453227304,8189218.297776194,6901444.219550645,5524633.092430394,5018248.967683362,5277393.219678976,4363550.718110759,4258568.16114489,4159558.5534993596,3983006.024745551,3967975.889133192,3949522.580106508,3940929.009490687,3667665.510649981,3507386.7902990393,3444513.7476912066,3427900.4104323154,3373292.9304724573,3386836.6552685862,3393563.375695438,3106425.2967094835,3122461.251066792,3087072.487391051,3079492.028085892,3079157.087232043,3115566.432691061,3120153.382644875,3105196.4531064364,3158870.1922267447,3158870.1922267447,3225928.8658771133,3233664.9800861264,3264039.0467167227,3261112.6526286635,3129343.364571504,3176684.523783318,3162997.9839103846,3049806.4391187,2895657.743440631,2917984.6916343,2894600.2245561527,2927826.993270597,2943108.7153032217,2933467.4687475683,2912775.9678130387,2932603.4160185913,2926973.168440971,2874587.7373402077,2834232.569481319,2835828.434844745,2858902.229851257,2847682.676147172,2675094.4637462557,2627863.168198129,2616205.9378304793,2629305.087848638,2621067.2711023646,2501816.5698708976,2475781.9851233205,2468118.218024992,2464240.138391929,2476785.553784073,2492498.572265561,2507588.1158988737,2506255.5572615657,2520071.2943227645,2533162.704977786,2533632.286479547,2504943.8529228503,2473968.0773000713,2473179.6769531933,2496610.8824278535,2490776.798775603,2479105.7429261166,2468804.1929856995,2477893.149899915,2487473.773934066,2317247.230952983,2325460.98100532,2328267.2312420383,2301104.7149839397,2306744.2777517578,2304264.1831317865,2311201.0628124187,2304313.6016490483,2329498.11234921,2323163.576655783,2341783.429259543,2326808.494239888,2329265.5886358907,2338726.5742811305,2352918.0915014166,2353372.2141353423,2354539.765880516,2360653.446157174,2373085.6876836754,2368855.6226436216,2372433.0409716647,2392416.3463001526,2421621.4339154176,2419782.5623418344,2418257.6451191567,2434307.1679572086,2398545.755985858,2416638.486041877,2415035.8399182633,2421199.4184977678,2437777.1416799254,2350446.854707979,2351770.884001754,2352483.287885143,2351553.2765389956,2365268.3380153608,2362355.0133079262,2359160.265250272,2376283.768100296,2400668.2888723076,2363731.686381115,2301496.899610704,2266439.0298008486,2293497.778773623,2293497.778773623,2292363.325431058,2292940.8547858545,2356095.928167263,2329370.8207458,2317845.581532899,2330964.552934358,2336477.7451829384,2334627.3499056124,2318470.924757009,2330773.8799648522,2340849.3125720834,2333724.3511987543,2337549.6804861,2344261.760697658,2352126.477498036,2323531.9295692276,2314245.6080085426,2316161.090604418,2318023.050593582,2337375.4028182896,2339634.7930128095,2335689.9340520496,2337408.9710060074,2351704.9180260235,2340793.119947284,2338692.386058855,2258150.129439239,2226615.162907268,2227445.83083487,2211958.8121839846,2204653.7688442282,2189737.9323936673,2191363.9718027227,2185189.450617866,2175683.5157139306,2183478.117844367,2179586.442586153,2183583.429061168,2188460.360394109
Thetanuts Finance,,,,,,,,,,,,,,,,,,,,,,,,,,,,,,,,,,,,,,,,,,,,,,,,,,,,,,,,,,,,,,,,,,,,,,356848.15027589665,346901.47938127595,410332.8680590205,417487.902535604,397079.78228900116,406257.2811092401,364999.6842090514,360556.0604829296,331909.7845560483,313951.43008021364,276039.5406775769,256257.26922315013,230434.6986029759,219432.91352576268,245176.60186874054,236085.89724375706,223024.14599846728,233749.32299353814,237425.30679639673,219477.85646479297,240236.3532338768,243582.27569539082,238611.20884446445,236017.608748329,284962.7579526108,281286.1772936661,295176.8527155755,295269.0219862998,279885.7202304258,282515.81313783786,260598.37224273794,236516.15321405872,231905.02520479885,226486.36775570925,228457.15389443358,251888.65685796522,226504.52864747262,226504.52864747262,224227.70323587098,218833.3014928251,209243.02582414684,187160.45698023253,199200.01854036443,187817.1603380579,193074.2582486372,205088.47933803537,208233.68885553296,195176.13080848634,225185.6063201198,265147.0213981041,256620.37637587005,252603.19327689672,237900.9912325418,240886.23533101965,230195.4275881599,225799.73600607444,227019.14476019773,264315.1471136588,247867.84172797095,244599.69909635902,240978.58871740344,228407.26036864825,233223.10208437018,235218.95898477282,249089.24235533125,247233.16482146113,266501.10161036375,262322.512909156,246536.73337125982,255032.4817339507,259194.5522314168,288164.68165313214,302494.729834357,297939.5437261596,305153.57626190194,316215.0928167069,310437.0946418212,332735.33262310585,338047.50774481,325732.91996267764,357635.18786090263,357152.22339383856,414383.0803089243,409794.9226598161,380578.75489444326,362950.42424260674,415352.4482350523,320172.9747028635,294354.89156365424,268010.1864823544,266667.6182344778,278661.5666907525,293361.6953554253,279699.97287665994,272013.75838940067,270989.8672034933,265938.1842739562,286591.92002308887,303548.2550166537,287102.6602527509,265980.752274162,292114.1984206251,296328.79530013446,275865.69933804043,273582.3947371277,245361.94407841627,242125.9949365072,234142.99828106453,320325.93571715546,340353.5411353586,393734.4727638077,630180.5579029609,646135.4205166544,704193.1092572329,663936.2633049223,660772.0364084499,649221.1382520434,702783.3063723376,586207.4597721614,600382.1170572867,395235.4267240036,402577.73026656616,407532.5331006162,419300.18983148504,461898.70868334785,426176.2346997413,422404.76359620376,370232.7466639345,388309.68031449715,348047.88201534894,374097.165707467,381870.96860410535,358306.14617442165,358306.14617442165,345617.39563536114,318648.555908803,300201.3718757077,314616.05152735964,321537.83335206273,363310.57390028134,374605.2031407046,335135.4641992232,352080.5157598581,225021.553251156,226653.96728934313,231349.24721435778,231674.16663318532,222924.16040644437,212080.95157505153,210407.729077418,188237.53098377353,170668.69475862134,149137.5222893853,145367.19166970983,140548.58460804945,161500.7814942991,136000.6581004624,111520.62271613006,100571.49407001732,104151.70906927361,112614.0354311521,111155.32900656958,108592.67012457373,119804.30273330554
Autofarm,,,,,,,,,,,,,,,,,,,,,,,,,,,,,,,,,,,,,,,,,,,,,,,,,,,,,,,,,,,,,,,,,,,,,,,263.5165601346401,315.23975927853195,310.6052063059262,310.6052063059262,310.6052063059262,310.6052063059262,310.6052063059262,310.6052063059262,310.6052063059262,310.6052063059262,310.6052063059262,310.6052063059262,310.6052063059262,310.6052063059262,310.6052063059262,310.6052063059262,310.6052063059262,310.6052063059262,310.6052063059262,310.6052063059262,310.6052063059262,310.6052063059262,310.6052063059262,310.6052063059262,310.6052063059262,310.6052063059262,310.6052063059262,310.6052063059262,310.6052063059262,310.6052063059262,310.6052063059262,310.6052063059262,310.6052063059262,310.6052063059262,310.6052063059262,310.6052063059262,121.54580433773977,121.54580433773977,121.54580433773977,121.54580433773977,121.54580433773977,121.54580433773977,121.54580433773977,121.54580433773977,121.54580433773977,121.54580433773977,121.54580433773977,121.54580433773977,121.54580433773977,121.54580433773977,121.54580433773977,121.54580433773977,121.54580433773977,121.54580433773977,121.54580433773977,121.54580433773977,121.54580433773977,121.54580433773977,121.54580433773977,121.54580433773977,121.54580433773977,121.54580433773977,121.54580433773977,121.54580433773977,121.54580433773977,121.54580433773977,121.54580433773977,121.54580433773977,121.54580433773977,121.54580433773977,121.54580433773977,121.54580433773977,121.54580433773977,121.54580433773977,121.54580433773977,121.54580433773977,121.54580433773977,121.54580433773977,121.54580433773977,121.54580433773977,121.54580433773977,121.54580433773977,121.54580433773977,121.54580433773977,121.54580433773977,121.54580433773977,121.54580433773977,121.54580433773977,121.54580433773977,121.54580433773977,121.54580433773977,121.54580433773977,121.54580433773977,121.54580433773977,121.54580433773977,121.54580433773977,121.54580433773977,121.54580433773977,121.54580433773977,121.54580433773977,121.54580433773977,121.54580433773977,121.54580433773977,121.54580433773977,121.54580433773977,121.54580433773977,121.54580433773977,121.54580433773977,121.54580433773977,121.54580433773977,121.54580433773977,121.54580433773977,121.54580433773977,121.54580433773977,121.54580433773977,121.54580433773977,0.12311018254992101,0.12311018254992101,0.12311018254992101,0.12311018254992101,0.12311018254992101,0.12311018254992101,0.12311018254992101,0.12311018254992101,0.12311018254992101,0.09146627973730662,0.08208970842340998,0.08588376745683733,0.08214466513008946,0.08488157097111133,0.0878821997956003,0.08380660793932015,299162.4197074425,572134.0877741488,542403.8722165341,474610.5547037986,587112.5462805012,651620.3083976929,780813.2118905368,818445.0569778238,699379.2904100429,871852.7800163736,845477.9120042938,657520.639517968,983218.2531219188,1079443.633922612,1180726.7474879092,1169450.6958271572,1115827.3136071537,1068297.0353792692,1169743.1793244025,1012548.1394238402,898196.9473450484,805012.2964869696,897707.4341515311,823204.7123008476,886099.2462949973,760686.0762090724,806380.6603776723,875371.2902206252,911944.7916747999,887748.1262767024,981851.2540713755
SmartPad,,,,,,,,,,,,,,,,,,,,,,,,,,,,,,,,,,,,,,,,,,,,,,,,,,,,,,,,,,,,,,,,,,,,,,,,253684.67954790656,254110.01627068847,258276.74836991777,296277.9019617669,269272.47046872944,280805.9605072035,243776.27615600626,230918.41033738514,207383.9688902187,169267.86342432376,187806.5855090939,172007.40131143192,193380.77302426315,205952.86920365924,182246.9034448849,212929.75592997298,210881.4811295403,197799.19873414983,200106.21418869845,191530.702733357,189719.23972011404,168621.2653935619,193642.372078611,204527.6947435132,199093.9619701386,217430.6898813822,215283.66781612745,230028.0845293254,207705.62851553236,189161.33153162568,191416.59967304813,190006.1502283052,187274.87447277896,200357.70676966666,205059.9976809134,192409.6044274034,184247.38555267747,173054.95092409707,163830.2741772703,163751.50365670485,179793.28592448376,169641.47547283722,160264.54765808905,172643.81358873652,171254.7479787073,161873.05927749505,180301.49899565295,171183.83036190964,169662.69004096356,158187.64553727527,132050.87918694588,139930.92695433923,136499.04068573064,128196.31144856657,129821.22562230245,149236.2849627288,136085.90928291474,125860.3145412455,121000.92389835247,118824.55390889214,106993.25000887745,112929.40608672173,113993.46839992108,120150.06466000533,120546.53139346534,125939.46811273317,118077.99294524732,119013.62875092035,118851.13167726499,120401.00954818747,119165.63092427178,117319.66380433134,120361.45979720743,132421.36878907506,126511.60297414842,126705.81813028462,126518.38863938587,112069.58813481491,126965.47028902629,118173.95999004146,128322.11453242722,127767.1417623994,121353.14735064677,100762.89308416392,117513.16562983528,104187.8008795557,106600.34760261816,115503.25732357563,110290.45282876237,115115.57468951397,118642.10981728123,113111.21381565132,125143.07389784309,115293.56213457012,120150.552955029,123693.40044086453,130926.88347310647,123615.2320443061,114610.72673286856,120266.9286156135,116597.02071006737,115990.91616194193,118442.78285909074,113739.47625159274,116213.4092055045,107367.0977999563,104238.64582939773,100015.57913946411,104764.51449037968,94254.35758386749,89599.28603475021,104763.36273794864,99545.78241682368,103005.77698534935,96803.02614399046,93487.40658819853,81478.69208710549,89314.9451839566,74442.84600335118,63453.09647635156,66230.91051171317,73236.44971974852,77163.63041458844,74074.10698992432,80513.83849088289,73926.57112375773,82808.19226892655,82027.94715102045,80019.05360146405,81329.02150083345,81427.28809270331,81157.21441249349,81267.62559041269,82504.48581935366,77323.8139856107,83153.321733059,84266.041105521,93038.65821621918,94743.45228905925,94743.45228905925,94743.45228905925,94743.45228905925,94743.45228905925,94743.45228905925,94743.45228905925,94743.45228905925,94743.45228905925,94743.45228905925,94743.45228905925,94743.45228905925,94743.45228905925,94743.45228905925,94743.45228905925,94743.45228905925,94743.45228905925,94743.45228905925,94743.45228905925,94743.45228905925,94743.45228905925,94743.45228905925,94743.45228905925,94743.45228905925
Paprprintr,,,,,,,,,,,,,,,,,,,,,,,,,,,,,,,,,,,,,,,,,,,,,,,,,,,,,,,,,,,,,,,,,,,,,,,,,,,193802.76498048753,195648.246143,195539.4120283626,171646.034671,166150.407637,120577.66595930631,106979.640167,103367.681235,93706.44949886813,103234.424621,100830.16036391066,92238.8524697536,95152.501606,97971.764141,91589.06579543487,97495.546882,140859.061003,148644.71866299998,140279.132577,160974.311303,155199.76791400003,147806.928555,153910.85429,144811.195146,147164.240605,135542.282561,111049.24472609401,110630.65886938201,109531.081963098,111016.45377722898,114687.49753610606,111426.85095842299,106271.196954923,100704.545117,97917.86072879401,94924.10356729299,87402.704749506,87649.846011,87184.665674772,83237.702444652,84655.81745520899,85605.438688098,80128.29800231798,85002.04954254601,91615.399638763,92277.332262115,90345.45182963299,92902.22223231,91863.713703996,87372.61201628222,58386.727164765995,58126.591357834994,57975.00070270785,62506.877079,61481.229024,60512.701071,59226.293364419995,58984.27990757688,50008.59874836606,48704.40907148999,46724.558754,47203.116860899994,46967.18555228699,45909.62501183517,46407.97718412883,31416.148705941996,32747.638280356994,33999.44744437341,33914.631579319655,32215.783387863667,32490.83924136535,32202.750872391887,33683.567723943175,35749.125889,32556.263466490214,33661.016311,35217.941398,36712.489674,37802.288980455996,35396.465356,33947.25333433504,36460.858955521,35768.873263122994,34336.716357,32270.159883996712,70129.34256667801,71965.479158,73398.637886574,73858.56410732798,73223.107267,73227.053341,72574.55591,33861.981786633,32892.19423082051,33509.17740127526,34056.046711,33085.76602731399,33157.095363392,33175.81085919099,32521.505304287995,29522.826478729992,29601.792837,30328.71941735376,29578.795180934998,25386.971453844,26094.468935334,25676.724305999996,24460.819095209998,22238.89474,21064.430921533996,20708.084220824,20024.941390895998,19548.147037576186,16914.358375141066,17653.896262001996,15109.546148368616,14173.081016868,14089.14070842525,14158.091930087998,13496.481662154,13595.939202198,12973.221735473999,12905.174525788141,12807.965991378,12793.433182,12729.131733318,12877.138330055997,12603.677197313998,12496.248994691736,12391.653471,11895.9391821615,11808.058299036999,11724.191005854002,11679.103198762998,11692.300415393536,11887.898345323,11020.994051066999,10726.645388459,10572.277300585,10561.207272615999,10569.736753950001,10579.874585688,10380.116107425069,10311.818235,10568.46511424296,10243.536498,10001.210595999999,9926.010758379,9429.809568261999,9312.287830860001,9259.371588467,8984.407866434,8956.664572978867,8875.190794,8707.10739678025,8977.409459673607,8912.523759069174,8874.782888673497,8948.547961798255
Crafting Finance,,,,,,,,,,,,,,,,,,,,,,,,,,,,,,,,,,,,,,,,,,,,,,,,,,,,,,,,,,,,,,,,,,,,,,,,,,,,,608673.3958384935,593093.9927861455,353540.9728440251,151979.7071238691,95857.49821715752,82999.24477856602,72450.29859923918,79347.58218790471,75615.1859874382,67299.82293658958,70068.69901984434,58422.1052269834,54151.59834924565,58947.43688134941,59828.03794109603,58351.22110809066,56915.07885744206,67785.92561067286,66404.69013940403,69068.7323750086,68614.91817864605,64849.414672801,62958.01641412004,58180.02720969364,53269.36367260944,52252.74522638654,51045.289781825326,51480.33618383528,56578.56884378212,55139.57993031077,51595.620570069266,48754.44355800507,47532.98460577766,45305.263686003665,40723.176161748306,42959.64319067604,40443.61602377124,39023.41208035013,40886.35800957187,41581.68875416693,34911.03158920798,39534.60681180917,46060.926100562036,44582.39993485619,43059.31783362983,41119.57861448832,41611.04394598063,39473.59944188028,38701.49121061095,38820.68967207603,44820.12927800337,42019.88124112648,41032.54237086393,40434.80078684443,38357.70107274058,39639.77645887711,39580.36469414199,41997.3070822177,41763.72841003893,44918.082997296005,44314.18789143301,41613.05821638794,42558.01634681362,43236.65938125985,48420.22184048567,49129.40675100562,47717.0238944644,49711.413934619726,51460.08425209731,49389.521729186075,55054.80952442461,54786.91376070156,52825.41668060972,56813.218305639406,58729.2821596684,65350.76714063444,66210.72156245234,61383.53596175484,58418.78583686242,66869.56738845489,71405.12384261611,68067.73126357737,62439.22175439094,63387.0566641141,64045.68278724583,67010.35431775336,61947.29524599892,60847.80764193634,61224.44461853179,59365.50752091176,63907.643795815806,67628.08874762224,63845.68911034343,59636.11083842687,58889.329967007114,58766.68126322482,54614.2683971196,56331.653061302,48155.42133064858,48421.80169721393,46884.09844007712,42974.007954429224,39406.56828267628,45692.495366349525,44542.96742808861,45049.56076598967,49020.43899992561,42470.57209407906,40508.7873917198,38944.56413438675,42786.5569617961,35653.89978047169,36327.44717394808,24131.22472177624,24423.55517488458,24734.306348850903,25365.486714897244,26719.102042412822,25436.7418506867,25437.882751517107,22200.47050435192,22478.582373271744,21542.198311060474,23129.735947981713,23394.135625151528,21764.732313088625,22309.89177746279,21341.634209247633,19349.084356115007,17890.03671903991,18547.558718665085,19329.100501857916,22336.243814625857,21688.420640282835,19297.752501130577,20861.915185011556,19381.51147433766,19772.968475604925,20118.089585452035,20339.190911731497,19633.66769949807,18789.429914850567,18789.429914850567,17102.61966674364,15146.413777902626,13649.356855347825,12846.165896709816,12453.043574254456,14057.173966649612,11839.899043014955,12547.087576436474,11435.119472242961,11844.895006579229,12821.47918073484,12862.819108590724,12557.079503565019,13842.440823276129
KillSwitch,,,,,,,,,,,,,,,,,,,,,,,,,,,,,,,,,,,,,,,,,,,,,,,,,,,,,,,,,,,,,,,,,,,,,,,,,,,,,,,,,,357074.5708010749,356843.1684563646,357428.79788887774,357770.03569177364,663212.5346125702,675823.2441597991,679224.3206450508,669138.1711607581,685374.4592314683,692869.0137977394,685098.6314776122,683299.7905782247,788878.859593809,791629.3179172672,804423.2952812465,818110.9771505104,805985.4432100408,813185.7143476084,792144.9525564929,778134.6706537101,752362.4086420661,743460.5078027726,750212.581441403,776779.2708391107,791242.4645209082,759797.0465200252,751090.4035422197,743583.8938065434,722809.3565589676,705929.1639691377,704795.6043318864,709315.7122793974,706870.9015971784,728771.0913282573,672567.756050279,649049.1886610925,702079.4236896229,726857.6381888946,724057.5885812616,702662.2056033567,680047.9081632002,691340.4441603656,669887.3148238132,665412.5337985965,669972.9809773486,727912.1079953284,701513.3436811675,701150.1041950212,694147.5213707996,678878.7057161666,695442.5536522372,694617.4828073784,719705.106894296,717313.2633194322,740643.0899062635,742340.2359330102,722651.8867787297,728198.2896809938,739018.4586697349,774373.1885558576,785866.4725078696,775460.2101820469,791781.2329978809,809197.5721194986,808587.3700739141,833489.7279177301,833593.6667579432,811896.1872262285,851579.1349860955,856860.5976168723,906735.4351118269,891027.1863121687,856029.8591964669,856920.8098788843,897383.4020683682,900369.7648070939,895703.5900820071,864668.815592426,852264.5836448678,858874.1722646145,878833.30981208,861441.7829715813,862640.7819549851,862816.323345989,851228.4403728781,871006.8686445135,894793.0871645756,966692.3111301236,940023.6284252532,1036462.0051639884,1034456.3734566414,1012104.4661566175,1033079.9272365214,972644.9907270763,982248.9712051026,983609.2776441671,948724.4932686931,923231.5338470927,958682.5815999222,961683.7882657115,963479.0483558774,996977.1883452117,931780.8090101233,926450.998053589,920438.752798357,932356.1088559427,851347.1102647927,893139.7636037255,817210.4786849227,791385.0258548661,795492.9246303652,799930.3857147659,815091.6927341069,788334.1848674492,795033.4764412686,757654.8408156792,772340.6131978276,757150.2600996341,769906.2759151633,778898.4914691894,760736.0230463172,767024.1224366284,759499.0524249157,736705.742571891,719279.3730852056,728561.1710774611,735764.345243885,774311.4831519218,773277.8758460496,742406.8195143045,756177.0249899076,740180.4289463843,743120.7889564174,750140.4430072622,756657.6019770154,749971.1380013485,737395.3855486596,733758.8931402855,713822.3401127759,688460.3201409767,673170.5701970352,634310.6710035601,624637.8189894896,641114.8458734518,615735.7496582364,615918.5637461719,596967.2657553044,614876.4127027158,620317.7474846204,620554.0750711595,611921.3574111396,633710.2267088488
Moon Flower Farmers,,,,,,,,,,,,,,,,,,,,,,,,,,,,,,,,,,,,,,,,,,,,,,,,,,,,,,,,,,,,,,,,,,,,,,,,,,,,,,,,,,,,,,,,,,,245.28498101867936,552.9692061375516,407.5862656421281,6974.878619218833,8755.504722971287,13163.353284346276,12164.509156283744,12686.540563468294,7825.182676756454,8948.969674401305,4505.6592541592445,4683.639734225801,4050.4957683276275,4628.669854439162,11138.464180443509,5464.974941322711,4806.123892868876,4994.7406074602195,5051.7864973997575,3545.1815625379954,3916.8385076809736,3568.4343193975246,2818.575734583607,2301.728649118737,2201.3018588622435,2626.066933868973,3092.413170066125,2805.2042582059275,2279.175919243757,2174.4697143250282,2097.4705360915577,1918.7895820740712,1798.631033119096,1715.0021479260965,1706.7374244426958,1745.623069602298,1723.1339530369085,1721.6689788763417,1871.6878972916197,1813.997724468668,1747.2693798782425,1386.8366069026363,1398.8769490036454,1380.5964316697523,1371.2041994612998,1318.7557024742896,1318.1966932190214,1300.7026955440585,1330.1375342163556,1334.4706033833463,1343.6297019620129,1168.3603061079436,1141.2913044011543,1136.9274034666887,1133.561650456157,1099.840466389795,1017.3625941025224,993.6838360701335,992.6911449252084,993.6838360701335,993.6838360701335,990.8298490284736,992.1749455298473,992.3953229640207,992.6911449252084,993.6838360701335,993.6838360701335,994.6765272150589,993.6838360701335,993.6838360701335,995.6692183599839,994.6765272150589,997.6546006498344,995.6692183599839,996.6619095049092,995.6692183599839,996.6619095049092,997.6546006498344,997.6546006498344,996.6619095049092,995.6692183599839,996.6619095049092,994.6765272150589,994.6765272150589,997.6546006498344,992.6911449252084,992.6911449252084,994.6765272150589,992.6911449252084,993.6838360701335,992.3865316701177,993.3789182017878,992.3865316701177,992.3865316701177,993.3789182017878,988.625386715088,989.4302121922725,749.7132911481656,817.9081088314726,811.7146244873194,369.96169900661994,154.54330499726294,183.6320996499867,153.69220242289848,116.17102191351796,87.41254496119237,89.26552397333772,76.20377424885858,63.22050348177326,54.169379885284066,63.70722474922099,67.40215440206568,67.0669208715751,89.96160497849317,41.896338611611604,33.94218274339358,25.0892916513182,27.633530612159802,24.896522418266315,34.847455801348,32.63584532997532,33.75020588846117,19.07752174625008,17.461331828549184,15.652806036199522,15.608150582712703,12.288924285761304,9.064587221054008,11.481697800541495,9.732688268610358,8.767595939232837,9.61977710954086,8.177506064665334,7.929924357155819,7.749548106490539,6.866799296334808,7.236279485217442,6.53429935336345,7.824718888473665,8.16498142975683,8.168838482232744,8.167483032267047,10.326256366603166
Beefy Finance,,,,,,,,,,,,,,,,,,,,,,,,,,,,,,,,,,,,,,,,,,,,,,,,,,,,,,,,,,,,,,,,,,,,,,,,,,,,,,,,,,,,,,,,,,,,821934.0599999999,967549.42,1505249.91,1722441.54,1708432.43,1890922.75,1813376.89,1900546.23,1970034.08,1893735.35088,1882207.8018,2045003.4131399998,2079589.2917799999,2271889.2634998,2250677.59917,1854529.2065299999,2034126.3800000001,2054167.92558,1882343.7632999998,1786766.8408800003,1782616.52,1803499.7098200002,1797141.9096,2064568.7406799996,1741894.8760799998,1682677.59398,1826416.18128,1976785.5707599998,1929567.6099699999,1916718.4236199998,1823696.5729200002,1867478.1312599997,1798072.39609848,1851885.2952599998,1927329.0499999998,1957627.2802908001,1866244.0599999998,1829945.5479452,1802872.0999999999,1693482.4100000001,1723953.2326962403,1731837.5097695,1750629.6177686397,1717402.83,1775498.6949699998,1840623.58,1801198.03204444,1835578.48592348,1876567.45276,1916890.1551799998,2012275.75163224,2113106.1019497,2249628.53395178,2413252.4075867003,2315649.4254632303,2517708.69019423,2613325.9473924297,2559405.79034199,2719601.73,2833265.07464,3098321.78656,5200497.291989999,5123965.54,4944307.44553776,5539815.73145,4088656.1715999995,4046567.07018,3842603.8408323196,3667197.5556,3836191.90968,4241227.04005,3989058.0329599995,3863179.01,3867762.21,3831623.34,3957777,4256276.33431,4286225.38907355,4164327.17028,4068584.9504299997,4087661.3577799993,3978318.3540099994,3826220.8000000003,3638536.7518499997,3613612.1120115,3516619.8907776,3393327.2973599997,3232016.74796,3406589.6802000003,3377456.5151562495,3349791.8053599996,3458282.0300000003,3260362.3852799996,3227806.54764,3075970.1108999997,2938448.91027611,2509546.0189799997,2102246.0559099996,1482672.73715904,1346279.31426,1268840.4995303,1292572.3146600001,1466342.40114,1379382.0499999998,1410778.4690999999,1338528.8142829798,1371481.4880000001,1279000.61,1342641.6303299996,1379107.1894599998,1380795.6462299998,1391209.3791756802,1324834.8513399998,1195838.70406,1129348.6904699998,1150089.37758,1170996.7809990002,1274223.0628416,1291808.79,1199027.8600299999,1222035.51089856,1158967.62982,1324496.2931199998,1300013.9482200001,1295543.46538,1272174.41137065,1249504.06,1271488.8192392401,1196863.94,1134903.31955,1042621.3798,899688.20163,854040.6874999999,898052.9157599999,787704.6277099998,809342.73910334,752139.95,783606.9425423101,848956.7886483602,857046.90205746,840942.86720963,841098.432152
Ribbon Finance,,,,,,,,,,,,,,,,,,,,,,,,,,,,,,,,,,,,,,,,,,,,,,,,,,,,,,,,,,,,,,,,,,,,,,,,,,,,,,,,,,,,,,,,,,,,,,,,,12469.2696,11812.5054,11923.5078,10998.4878,10082.718,9888.4638,9657.208799999999,9740.460599999999,10739.482199999999,10461.976200000001,9657.208799999999,9518.4558,9277.9506,8870.9418,7908.921,8417.681999999999,7936.6716,7881.170399999999,8260.4286,8408.4318,7881.170399999999,9092.9466,10702.4814,10350.9738,9999.4662,9583.207199999999,9703.4598,9259.4502,9028.1952,9065.196,10535.9778,9897.714,9647.9586,9518.4558,9018.945,9407.4534,9324.2016,9925.4646,9851.463,10619.2296,10452.726,9823.712399999999,10036.466999999999
Polaris Finance,,,,,,,,,,,,,,,,,,,,,,,,,,,,,,,,,,,,,,,,,,,,,,,,,,,,,,,,,,,,,,,,,,,,,,,,,,,,,,,,,,,,,,,,,,,,,,,,,,,,,,,,,,,,,729943.8934688166,805736.9282535631,927897.5668841726,944468.4871217383,634840.4350092169,473895.61428513716,512729.80813415046,470623.29602616525,348381.4795067076,425797.56028393947,408760.4147052342,307592.7361014745,220188.09805203628,182956.75522886,191847.49128946156,180889.13854750033,203503.86636968926,236885.73330146386,348128.4490920932,380739.1081328828,403992.1411290107,537940.3663050167,593575.882156502,741934.8427353872,814253.2018255026,877141.1071552157,1010312.949002023,1178397.6105002114,1173935.0048659486,644130.2555378797,734802.1539149466,695026.6651686212,749019.4965141823,775225.9865876932,741968.9353327951,894848.0794268462,1004948.6376970788,1254864.7637995083,1332874.4573430154,1446593.311523492,1493955.6018217816,1547354.1652665846,1669223.9764744057,3317396.8233266175,3618264.934054391,3357816.680807473,3156957.41592138,3324215.660360354,3430397.6889444645,3440705.4006501003,3333975.653886244,3435253.845686111,4142584.552023574,4462654.002708655,4820099.117976809,4958414.082676351,4396332.397719305,5201538.3520992845,6048411.097249156,6707353.496730547,7339317.115028,7699715.636121222,8367130.351243306,8378569.852120507,10828213.319267932,13884342.684366215,15485020.561380412,15453791.289176906,17270777.296379305,15362031.728967823,9787450.26572139,13601832.59072398,12367535.085805636,12898755.302944556,15741776.954873199,13903676.143575948,14533299.164772019,13553048.650994085,15391138.708368225,12644868.172135137,11129594.76622415,4995780.276939927,4629695.004411878,6003517.159332758,3782574.4665553253,5954929.069136019,5283446.115009889,6103646.417614973,7418977.039430931,7996088.643538939,7332562.4240212515,8690464.923843116,9275084.986548828,8789808.505386496,8474879.253153954,8693767.757078849,8011092.706614045,7040454.952821351,7789345.946006734,8540348.194598494,10780964.602044135,10408848.857267763,9354023.482199911,10330991.333367147,10240720.185192317,7705587.303034874,9674274.554778151,9825584.226176923,12124239.678047037,11799336.740578042,11416107.360277437,10534172.369767271,8984639.593109977,7508341.9574943455,6107582.465310357,7038918.925447665,8029833.784968352,7138473.5872568805,7654666.766897511,6296245.974510257,6963848.277204823,7408008.972982656,7545034.0037957765,7417596.373495804,8115896.5366241895
Aurigami,,,,,,,,,,,,,,,,,,,,,,,,,,,,,,,,,,,,,,,,,,,,,,,,,,,,,,,,,,,,,,,,,,,,,,,,,,,,,,,,,,,,,,,,,,,,,,,,,,,,,,,,,,,,,,,,,,,,,,349.70395838354773,349.5098471667113,67132441.0942537,160906412.18894905,200838829.21305287,232363963.4508357,253254335.23236805,273024335.10611564,264507398.43055898,302275257.8924533,304859005.60646546,321369072.9753588,321783519.9786465,329250217.5259282,342680551.26910305,302469381.8883091,358798579.11775607,373379501.98916173,397210671.9667797,428066798.1927388,437336820.3228321,436001056.53134346,455086677.2454356,448919278.7569029,388166337.3529435,382032101.4617499,385386148.88025534,391285130.4695734,387639291.93210703,384415576.4327158,370606099.2234999,351151160.0355226,361224426.45145375,367948766.80763495,360851285.9054382,356580086.2064687,337125229.409413,269970818.8748477,276272765.99295455,332766297.78154075,330346055.4902398,321649718.21330845,312028963.01769996,309017454.56113386,279604972.7255963,268238820.73353153,232280594.40078765,211441763.71263748,203665923.7773581,206750090.33902156,209568637.35917747,205971657.81756613,212539510.33775887,460845016.6565334,603967380.5261673,713485383.2137215,727439342.010565,733893990.9295634,855386015.508976,850607250.9081618,911695364.0004718,909330557.4423437,870929468.5863063,884366640.9622602,888325602.6601367,906363302.656636,854119741.5785472,670595523.5261706,601191909.794365,562380702.4693174,499502472.3190302,447986727.79119945,385181615.8495111,328234156.7394732,103644831.89557415,100872623.35608956,104381842.49836212,98527711.32834706,95895551.29455715,92073065.8131653,94276540.16509059,93036977.45770842,94980823.40069564,96584249.45512925,101771737.24600211,101838452.76434657,158225103.043198,156751425.273845,162182409.6440878,162745462.28573313,163512583.8689829,167120155.28375238,165994490.02412143,161684059.93249917,164439562.54531085,93509369.52777699,94420207.26128855,99177211.577586,109385324.99360254,109172918.88261855,107577902.11160824,107223391.36297537,104375644.77179614,98865929.79917695,92955146.9153081,69398000.24969226,69579320.61420402,61940048.0650648,56087205.756600596,55825000.247490674,53791902.36689994,52891357.152681895,53536581.32468896,53561437.805859365,53238956.285755806,51851651.834628955
Bastion,,,,,,,,,,,,,,,,,,,,,,,,,,,,,,,,,,,,,,,,,,,,,,,,,,,,,,,,,,,,,,,,,,,,,,,,,,,,,,,,,,,,,,,,,,,,,,,,,,,,,,,,,,,,,,,,,,,,,,,,,,,,51486568.51347862,76969766.17116751,222944647.76670095,280612614.7709863,291439657.8867276,281194513.2574058,285055887.4435953,304372304.56556827,322444919.2695569,326926072.15004057,318748884.0874392,321927671.1104202,308612567.2364893,276181652.66588557,256726073.84581023,262519303.54520816,245453766.14191204,281907969.19502723,402572596.4830427,399222418.2085205,395575950.188851,400961405.1883151,403097291.7998396,405268025.8634365,407325752.00017637,398028919.17781436,405834522.38399595,404872985.4467533,404865950.71395826,403272601.6522382,401623154.76128584,389711977.9660949,397540155.34653956,398213227.70185566,402074803.41563475,397106797.7818975,389326801.7329669,394874179.2104825,404266738.43605083,409287803.7261876,503517474.8104931,504955240.2617446,500913461.33369577,502261763.73635805,504330946.991824,506573722.57730037,492751374.5503927,763798377.0735406,889476391.5972545,1144328153.9271286,1318255762.2895455,1342002208.6210213,1427775380.6857753,1278343728.6678636,1253725544.923985,1132392704.79191,1089490294.6571481,1095627149.0196733,1034780405.7188631,1036953781.6441551,1006822041.4762585,977908661.3983955,917605994.8885496,854419432.5850809,739287276.9678718,719855395.9889505,651141233.2645258,582076618.0242832,364910277.5454126,357451845.0084556,330879636.06221163,324371178.1004897,330344502.3155796,319710980.534051,325748108.60050386,297505594.63747835,298848157.0327215,300505294.2251489,297094356.1602073,298639903.190692,334411505.59033453,320333126.0619167,303686303.36468124,303700091.38659924,304774715.3065165,312766790.30398554,311208891.1930617,303233842.5478755,303955250.3654428,267885519.14743868,275127460.34785044,278490672.8880582,278190129.39632726,281504971.6982681,263598919.9051946,262579126.7680749,251409610.017326,246682364.56689143,236615072.91447717,221290183.32743192,218531288.6700583,211221367.98992765,204175590.45226017,205014171.63225812,201179729.60872346,204297559.78057152,206985079.47950652,211883624.77830476,207029256.822866,202528849.08186644
Rubic,,,,,,,,,,,,,,,,,,,,,,,,,,,,,,,,,,,,,,,,,,,,,,,,,,,,,,,,,,,,,,,,,,,,,,,,,,,,,,,,,,,,,,,,,,,,,,,,,,,,,,,,,,,,,,,,,,,,,,,,,,,,,,,,,,,,,,,,,,130033.73533251921,121611.39680756096,115603.087813,112101.795243,100590.57553227899,112597.69941789747,112950.74844,106232.12755,105713.30721405584,106906.8829907019,115202.6418564,119958.309682848,119578.734898894,124383.34449167998,113781.051861,110082.63716717329,108281.17499488813,105256.95054656932,153574.02731467696,158265.5037627591,154332.5446269714,157532.75956242907,156441.056513306,154342.26719060927,157618.25708247695,157749.0712379905,160007.35382418224,156424.33604990155,155737.39520741836,144229.11667729708,142272.95682351955,131820.87146649603,137426.4065454379,20088.490751658253,11253.851672,8271.204046507626,51615.985358703605,48050.28908131827,34360.95016433486,42222.3517774991,29646.4993604344,29288.486933199496,31707.90383704728,21960.519435562946,17720.647757112867,6169.742077868784,51577.670784325404,57582.79149090275,57687.11510393097,52140.207128844515,19486.016090540998,39230.32638526899,46697.14872087599,145474.086168462,139790.181720804,138559.932883112,136701.02545000898,135660.867534684,126523.73998020399,116611.793347049,116198.16842973999,114070.112574438,121991.535362568,118264.984109514,122154.867338496,121664.09329974899,131881.31356,132823.71763660997,130170.28943251396,133974.12660515797,141727.02344735397,139682.14481227202,139647.846474136,153918.621691835,152972.51681960816,139392.95362105974,137763.526872,137540.47216511122,137651.81050621,137458.40379627116,137757.45377494098,133832.194728198,135465.62943613698,132501.617705,133931.62030677602,145016.22795453898,141967.5757003751,143555.43891475498,142738.924939,191313.94569286998,217330.93793229,218049.12043694398,217936.58320509002,217960.121811336,69048.93008012998,68.772801097
WePiggy,,,,,,,,,,,,,,,,,,,,,,,,,,,,,,,,,,,,,,,,,,,,,,,,,,,,,,,,,,,,,,,,,,,,,,,,,,,,,,,,,,,,,,,,,,,,,,,,,,,,,,,,,,,,,,,,,,,,,,,,,,,,,,,,,,,,,,,,,,,,,,262013.90592167003,307699.50824648805,285469.00257351197,326231.6349020907,328282.91616181424,278397.10147394123,242944.22468424367,241999.26566415597,214313.59664399998,219756.19611145198,224457.6672249274,226536.225492,226430.471609,285037.46364393295,247509.44202284297,246578.927911316,245235.293478,240770.441971059,238087.59158069402,241022.36073535797,245227.56676117697,243605.77735293796,250549.47186226054,233682.920517,233495.09116,240604.85163014298,259066.0852517131,257787.18081661215,259072.19130092298,250078.23679538694,269119.482740108,263280.90421215893,269302.593609049,231888.32506499998,210004.50563024613,209201.69842249292,131642.23926253399,81297.796038978,78109.84975093299,72280.479265,73975.66208732699,73163.0762284128,69621.48955361599,68595.399307435,67736.440309668,71595.243546827,65074.134823698,68042.482637598,58439.71859919772,59996.497610000006,60339.965171,59654.81583369,61992.79952265399,59536.458204918,61922.66621540999,59513.29278073907,61329.737194097994,58857.01299778299,59166.308173973,59796.106744000004,61572.890530098,59157.31859195433,55650.05790744399,52352.947820172994,51958.786038774,47250.107395608,20014.355935574,22853.95092206925,22555.974978536997,21494.067791195997,22316.813472953996,21226.465879618998,21461.240148,21792.755947963,20927.822909684,21209.340458062994,20766.125971,20859.5479652161,19872.826201,18566.181488855,59116.51403657999,62312.45579669199,65322.28095031199,70447.99493431699,70989.581876213,73521.67832170185,68365.906348,25593.251089405996,25737.64283628342,15405.465080357324,,26273.31005
KyberSwap,,,,,,,,,,,,,,,,,,,,,,,,,,,,,,,,,,,,,,,,,,,,,,,,,,,,,,,,,,,,,,,,,,,,,,,,,,,,,,,,,,,,,,,,,,,,,,,,,,,,,,,,,,,,,,,,,,,,,,,,,,,,,,,,,,,,,,,,,,,,,,,,,,0.0000010623461218457724,0.00000106308693089975,0.00000106322839001625,0.0000010625195810250772,0.00000106419645903226,0.0000010659185643855375,0.0000010644723565573098,0.0000010664782761071874,0.00000106194964725914,0.00000105880908576644,0.0000010613431852363973,0.0000010604454290502072,0.0000010628367648815023,0.0000010609965619188673,0.0000010576450520086772,0.00000105654429825512,0.0000010591708760175048,0.0000010583399749039748,0.000001058671697677045,0.00000105713193740849,0.000001055620838661455,0.0000010570073318379598,0.0000010576752853444825,0.000001057320291365725,0.000001057676715603245,0.0000010561900274479249,0.0000010557381692455824,0.0000010544304625487774,0.0000010549510205366073,0.0000010531201482483574,0.000001053366244812535,0.0000010545358366412075,0.0000010535988273519649,0.0000010521020703430474,0.0000010547422448447273,0.00000105326076094601,0.0000010530277650376573,0.000001054861470983495,0.0000010521564572463097,0.0000010521082058226823,0.0000010511117336998875,0.0000010480007028894472,0.0000010431531919674547,0.0000010446374697758974,0.000001038893085687695,0.000001036442170261855,0.0000010368269585373748,0.0000010412980554951072,0.0000010405269756910797,0.0000010397260618706022,0.0000010400084376706997,0.0000010367660850245473,0.0000010394544999268749,0.0000010375846822076297,0.0000010379355894040223,0.0000010390678424892998,0.0000010378132188977024,0.0000010367056800267476,0.0000010371831132575199,0.000001034298373039495,0.0000010331271923484324,0.0000010344827669416348,0.0000010346919329596172,0.0000010371071316065723,0.0000010373175904337972,0.0000010348279001835074,0.0000010334369882900574,0.0000010340765415843173,0.00000103361668534949,0.0000010348148732247524,0.0000010355861502791971,0.000001033798762750775,0.0000010333702680347424,,0.0000010313953686942523,0.0000010295235021528498,0.0000010273727986834898,0.0000010238935058421173,0.0000010233725684735474,0.0000010238577665863899,0.00000102082811883352,0.0000010202769335604123,0.0000010185002964567175,0.00000102018799859419,0.000001020008643282355,0.0000010203150937134425,0.0000010194551853706825,0.000001019959935817795
BoringDAO,,,,,,,,,,,,,,,,,,,,,,,,,,,,,,,,,,,,,,,,,,,,,,,,,,,,,,,,,,,,,,,,,,,,,,,,,,,,,,,,,,,,,,,,,,,,,,,,,,,,,,,,,,,,,,,,,,,,,,,,,,,,,,,,,,,,,,,,,,,,,,,,,,,,,187166.54982641997,187549.13561466,,170710.507710589,170404.0003974188,170271.59490088763,,,164879.3333551002,,,,215579.21337803325,216134.95358454995,201294.3447946,,201793.00536712998,,,203529.62600451626,,,,,,,,,,,,218186.99140879785,218300.1496398728,217704.54105707782,217810.46292999998,220250.08385586,219553.38257763206,,,201451.61229192998,201765.1850323,204204.37518848758,202225.73582815,140493.68607536136,140514.89180856498,140847.00879287,,140227.80777211,140145.55127573,140686.715322515,,,140830.31021105498,141173.697924387,141027.22233397438,141028.65821878813,141311.20155431202,141369.813939324,,119614.520761899,,107526.24224815886,107369.210319775,107173.91558927705,107369.210319775,107369.210319775,107313.57274350912,107786.471779987,109580.35567631324,109747.84500051326,109879.27972892196,109880.67180621199,109785.470349775,110210.006352173,110107.51653296099,110092.93980741099,110183.07585171939,110026.873950154,110651.937869192,110644.557933538,110959.49320479886,110850.99911741551,110039.248691946,110991.36996247298,111199.91777301098
Amaterasu Finance,,,,,,,,,,,,,,,,,,,,,,,,,,,,,,,,,,,,,,,,,,,,,,,,,,,,,,,,,,,,,,,,,,,,,,,,,,,,,,,,,,,,,,,,,,,,,,,,,,,,,,,,,,,,,,,,,,,,,,,,,,,,,,,,,,,,,,,,,,,,,,,,,,,,,96644.24604972237,156413.42111165254,259493.15823927714,483011.54485285096,675693.9530156883,398707.6313754255,378871.57674170285,602781.1660687961,494389.0135846369,457101.71796627855,429479.7629363172,385866.5988953012,375166.0962779699,316677.4422241156,242993.066130256,248753.31274375253,270808.9510196814,276442.8324941505,268212.212640844,277418.1200717841,284787.8329923719,265248.3393705269,255360.82994931284,246685.0746652977,263595.7780738884,239628.97432392108,132316.49220252765,138007.7532214582,126046.37582437291,112697.77889014209,106802.35533162973,108078.81276008353,109449.81564275027,117178.9924535149,123199.82739240328,119304.06893643725,109689.05276589804,104393.5331169673,104046.88172239989,87830.49284283443,86917.6234958617,57388.83986027804,51918.39562626301,49597.103820264965,51915.9036910419,52577.04710762507,49306.55697612537,55277.88848194556,49888.87875052856,51020.89246312182,44949.74404150264,45420.552870006824,46656.706100100484,44492.9697762741,44290.35637629969,43735.953184362304,40739.20634117798,38809.30859103013,39421.927195096854,39901.82173133116,43694.95825665471,43365.419914246144,39635.179974454186,39671.06933171932,38715.236912824614,38870.540102832856,38903.318221456626,36114.9876715181,35808.738182253684,35167.85463562543,34998.71804838138,32008.366176960826,28941.074334512126,26487.153991835967,22710.289704024894,22434.510038856177,23616.715836823816,20417.522934317767,21126.749675793373,19628.903338366308,20939.048816011058,21469.217775390523,21845.771083792242,21234.14252579967,25225.06249738686
Solace,,,,,,,,,,,,,,,,,,,,,,,,,,,,,,,,,,,,,,,,,,,,,,,,,,,,,,,,,,,,,,,,,,,,,,,,,,,,,,,,,,,,,,,,,,,,,,,,,,,,,,,,,,,,,,,,,,,,,,,,,,,,,,,,,,,,,,,,,,,,,,,,,,,,,,,,,,,,,,,442482.2634434914,445251.40970202227,459417.70669663174,474429.0982514868,452461.79415429593,437394.1714636747,429318.75391484576,418708.06783389073,437966.739130212,468425.01448189176,446763.2466892135,427346.7458240231,420280.1410117493,420554.4595773745,405381.6813325705,406968.9563273759,364681.80384594074,362986.4764796982,381384.8257141134,358500.60106438823,338844.246278808,346099.5496597868,341654.7017565662,348211.41021714575,369897.42959179287,365097.5756336242,358827.9335315327,350358.2897628838,363693.0169248007,316064.8388472286,317421.69171183126,263365.01455318445,531460.4285662468,532599.4648300097,540043.8563902765,554338.4981165621,533670.9203502415,418685.7087826782,387464.67805423075,387869.4936001673,366087.3571504472,383810.6763923181,390893.51754711056,364914.1709073607,371690.79343883286,362865.90507497435,339227.4452579605,321660.90561678534,321755.5398479793,328500.36947139376,348081.4597475392,334694.02513517207,313039.0535856167,329461.1473763708,316543.0024306974,316042.3554377928,320621.58553052484,319702.98801316984,317486.15570374957,309088.69050003705,299466.6246565233,286672.8728198546,270473.26189546485,251034.74443415512,244087.8287694495,244667.8768313165,259373.59214382636,239991.3666576701,246578.30524743383,238400.73406332394,242312.60929562405,252274.0452962923,245359.40639848562,241789.00264583778,254308.73748032146
BlueBit,,,,,,,,,,,,,,,,,,,,,,,,,,,,,,,,,,,,,,,,,,,,,,,,,,,,,,,,,,,,,,,,,,,,,,,,,,,,,,,,,,,,,,,,,,,,,,,,,,,,,,,,,,,,,,,,,,,,,,,,,,,,,,,,,,,,,,,,,,,,,,,,,,,,,,,,,,,,,,,5651278.34201972,5646595.332390012,8930411.99366198,12041561.749265898,12611424.848872673,13674218.701569598,13142939.084031837,16064628.8336452,16004929.33274948,14729794.03981188,15454437.447874047,15364027.4818219,13262897.2139856,12209025.690237641,12692389.890982626,13546839.959287358,11146602.665432062,11242177.39990198,11794483.700364387,12035944.558245776,12270579.32481711,11510100.955204237,11448251.628246313,11602030.962024363,12349262.73998495,11030163.031716902,10795888.577976244,10272973.70494812,10364569.50947483,9246923.64191684,9291760.014219312,6148465.848083442,5886059.968928349,5115685.7058385685,4122987.3067081906,4362266.955419986,2121839.841416754,2206916.697645174,2079567.0249322571,2135865.617322464,2084656.2727895102,2177008.5626507076,2317261.283526779,2135564.1652719434,2005616.5769821655,1755040.996652302,1712062.228274549,1617615.7354018758,1630307.664932423,1605447.993906043,1678983.459530085,1780023.871010596,2048229.2200162276,1547964.2478007888,1875638.6736736416,2090498.4329708347,2552764.542991913,2519588.540215322,2481548.2952800766,2466127.373311604,2459604.5747340377,2411884.041542602,2331920.4059801516,1930687.1626028628,1839294.7691005927,1799484.7356316885,1683449.7217070172,1660031.2308324191,1672628.3696081562,1624054.7799897254,1627039.2477493545,1614407.7797105117,1634984.3264199395,1629350.64145124,1659367.8560933457
EmiSwap,,,,,,,,,,,,,,,,,,,,,,,,,,,,,,,,,,,,,,,,,,,,,,,,,,,,,,,,,,,,,,,,,,,,,,,,,,,,,,,,,,,,,,,,,,,,,,,,,,,,,,,,,,,,,,,,,,,,,,,,,,,,,,,,,,,,,,,,,,,,,,,,,,,,,,,,,,,,,,,,,,,,45.45346710505701,45.458513,45.503971512999996,45.503971512999996,45.503971512999996,45.453739856135,45.503971512999996,45.503971512999996,45.458513,45.503971512999996,45.503971512999996,45.458513,45.458513,45.454285358291,45.503971512999996,45.503971512999996,45.549430026,45.458513,45.503971512999996,45.458513,45.503971512999996,45.503971512999996,45.549430026,45.452103349667006,45.40009881079501,,45.994404321294,46.151836433999996,46.011123998565,46.197896150999995,46.10577671699999,46.059717,46.11671564499999,46.11671564499999,46.110645,47.110645,47.157755644999995,47.157755644999995,47.20486629,47.10574549292,47.157755644999995,47.157755644999995,47.20486629,47.157755644999995,47.157755644999995,47.10612237808,47.110645,47.074982241735,47.07785599108,47.157755644999995,47.110645,47.157755644999995,47.063534355,47.109184570005,47.110645,47.100704653905,47.110645,47.157755644999995,47.251976934999995,47.251976934999995,47.20486629,47.157755644999995,47.157755644999995,47.108430799684996,47.110645,47.102494858415,47.069046300465,47.087984779755,47.082519944935,47.00398649971999
PinkPea Finance,,,,,,,,,,,,,,,,,,,,,,,,,,,,,,,,,,,,,,,,,,,,,,,,,,,,,,,,,,,,,,,,,,,,,,,,,,,,,,,,,,,,,,,,,,,,,,,,,,,,,,,,,,,,,,,,,,,,,,,,,,,,,,,,,,,,,,,,,,,,,,,,,,,,,,,,,,,,,,,,,,,,,,,,,,,,,,,,4599694.872493621,4521785.560422675,4446921.0885945475,4158221.522463352,3891471.793900595,3962533.775608422,4167970.133628456,4469488.434350106,3762962.3646019483,3518350.3330807113,3463962.2378668487,3583200.724246011,2775310.008481588,2761729.9951329776,1525720.2092935343,1445637.4967203229,1395041.4352195733,1376716.8560236753,1424902.805287365,1373150.5420528764,1408528.3667319238,1231409.4080077384,1288733.1399258543,1236781.605391897,1258645.873630324,1260158.5870419603,1192072.3554524693,1202638.267764179,1178461.1812908675,1102391.8953560935,1072741.4098198349,1085173.2984572214,1104194.7282457855,1200580.1222376958,838454.5117308587,860520.6737731074,893450.0641739606,857708.1220016656,872403.1073294764,840158.2949596384,817460.5202336459,851026.603788297,764931.3973276617,738199.0683985512,668264.9520849414,589954.8387310463,525621.5403085649,478100.24643879716,497168.36554821715,573585.1049867586,487112.8307092471,504541.2889887501,468597.8263931409,478718.6190899694,508269.1224186189,508553.97926454875,497796.18432425754,537486.7671182979
Curve,,,,,,,,,,,,,,,,,,,,,,,,,,,,,,,,,,,,,,,,,,,,,,,,,,,,,,,,,,,,,,,,,,,,,,,,,,,,,,,,,,,,,,,,,,,,,,,,,,,,,,,,,,,,,,,,,,,,,,,,,,,,,,,,,,,,,,,,,,,,,,,,,,,,,,,,,,,,,,,,,,,,,,,,,,,,,,,,,,,,,,,,,,,,,,37294.47312051812,41324.12158844611,41334.369386914776,96643.10111871434,96937.73893550459,96938.26043628526,104384.14225067958,50496.32459546955,42915.997879445174,42815.95266987795,42814.937589453104,42815.20621438899,41526.27027792157,41529.42379117265,41529.55033940883,41530.53505259304,41532.07874614333,41534.89909402597,41534.64377092525,41535.275724732615,41629.07854702745,41629.49327847896,41629.8189731749,28608.54722196417,28609.70150633441,28609.768560222823,28583.2349536161,28583.29180706697,28583.255242038267,28584.062994371357,28584.555544632734,28586.430227077708,28572.28285819506,28573.624161209114,28111.787528202563,28114.352217478627,28113.962173644508,28114.291930753832,28117.030308814712,28117.61973942037,28117.582834397697,28117.397917193695,27701.253092322273,19687.14722232227